#,cohort,total_officers,officers_with_allegations,unique_crid_count,is_disciplined,total_coaccusals,avg_coaccused_count,discplined_rate,total_cost
1,1,1156,1156,20174,1144,56294,2.7904233171408744,0.05670665212649945474,6138736998
2,2,10071,10071,96651,9921,196844,2.0366473187033761,0.10264767048452680262,20729755018
3,3,23780,12217,47137,7880,91000,1.9305428856312451,0.16717228504147484991,2410155781
