#,cohort,total_officers,officers_with_allegations,unique_crid_count,is_disciplined,total_coaccusals,avg_coaccusals_per_officer,avg_coaccusals_per_complaint,discplined_rate,total_cost,avg_years_on_force_at_incident,avg_ages_at_incident
1,1,1156,1156,20174,1144,56294,48.86631944,2.790423317,0.056706652,42508443,7.730687153,34.24270878
2,2,10071,10071,96651,9921,196844,20.2618631,2.036647319,0.10264767,254874025,8.47519675,35.93216751
3,3,23780,12217,47137,7880,91000,8.179040086,1.930542886,0.167172285,78747987,9.185504544,37.61174551