#,cohort,total_officers,officers_with_allegations,unique_crid_count,is_disciplined,total_coaccusals,avg_coaccused_count,discplined_rate,total_cost,avg_years_on_force_at_incident,avg_ages_at_incident
1,1,1156,1156,20174,1144,56294,2.7904233171408744,0.05670665212649945474,6138736998,7.721835268103924,34.213340703887965
2,2,10071,10071,96651,9921,196844,2.0366473187033761,0.10264767048452680262,20729755018,8.489720739400891,35.846605196982395
3,3,23780,12217,47137,7880,91000,1.9305428856312451,0.16717228504147484991,2410155781,9.30352564102564,37.099679487179486
