cohort,total_officers,officers_with_allegations,unique_crid_count,avg_coaccused_count
1,1156,1156,20174,2.7904233171408744
2,10071,10071,96651,2.0366473187033761
3,23780,12217,47137,1.9305428856312451
