cohort,unique_crid_count,total_coaccusals,avg_coaccused_count
1,20174,56294,2.7904233171408744
2,96651,196844,2.0366473187033761
3,47137,91000,1.9305428856312451
